{
    "Accuracy": 0.9992321568206776,
    "Precision": 0.9999303131841648,
    "Recall": 0.9984922903848719,
    "F1-Score": 0.9992107843990645
}