{
    "Accuracy": 0.999429863308317,
    "Precision": 0.9998145561807845,
    "Recall": 0.9990156169476019,
    "F1-Score": 0.9994149268948259
}