{
    "Accuracy": 0.9972994764629216,
    "Precision": 0.9998291456213226,
    "Recall": 0.9949736461786959,
    "F1-Score": 0.9973954865753045
}