{
    "Accuracy": 0.9997659005229235,
    "Precision": 0.9998600607214783,
    "Recall": 0.9996715088692605,
    "F1-Score": 0.999765775905337
}